Time(s),X(m),Y(m),Z(m),Distance(m)
0.000,0.611,0.103,2.356,2.436
0.033,0.596,0.049,2.405,2.478
0.067,0.584,-0.005,2.471,2.539
0.100,0.566,-0.046,2.641,2.701
0.133,0.557,-0.046,2.745,2.802
0.167,0.553,-0.019,2.805,2.859
0.200,0.554,-0.001,2.821,2.875
0.233,0.559,0.036,2.814,2.869
0.267,0.559,0.033,2.807,2.862
0.300,0.561,0.033,2.791,2.847
0.333,0.562,0.025,2.770,2.826
0.367,0.567,0.210,2.772,2.837
0.400,0.565,0.289,2.810,2.881
0.433,0.569,0.366,2.840,2.920
0.467,0.573,0.426,2.901,2.988
0.500,0.577,0.489,2.984,3.078
0.533,0.576,0.511,3.093,3.188
0.567,0.575,0.516,3.183,3.275
0.600,0.575,0.509,3.262,3.351
0.633,0.572,0.466,3.314,3.395
0.667,0.569,0.411,3.344,3.417
0.700,0.567,0.375,3.351,3.420
0.733,0.570,0.340,3.324,3.390
0.767,0.576,0.314,3.275,3.340
0.800,0.584,0.285,3.206,3.271
0.833,0.588,0.243,3.137,3.201
0.867,0.590,0.193,3.096,3.157
0.900,0.593,0.128,3.102,3.161
0.933,0.610,0.068,3.109,3.169
0.967,0.612,-0.023,3.133,3.192
1.000,0.614,-0.110,3.170,3.231
1.033,0.612,-0.200,3.227,3.290
1.067,0.610,-0.285,3.311,3.379
1.100,0.610,-0.347,3.371,3.443
1.133,0.616,-0.381,3.404,3.481
1.167,0.605,-0.408,3.378,3.456
1.200,0.588,-0.417,3.331,3.408
1.233,0.561,-0.403,3.274,3.346
1.267,0.528,-0.379,3.214,3.279
1.300,0.494,-0.335,3.126,3.182
1.333,0.444,-0.285,3.017,3.063
1.367,0.403,-0.250,2.938,2.976
1.400,0.396,-0.231,2.927,2.962
1.433,0.409,-0.217,2.935,2.972
1.467,0.425,-0.200,2.925,2.962
1.500,0.445,-0.184,2.895,2.935
1.533,0.472,-0.171,2.838,2.882
1.567,0.490,-0.163,2.800,2.848
1.600,0.511,-0.129,2.759,2.809
1.633,0.536,-0.088,2.663,2.718
1.667,0.559,-0.046,2.558,2.619
1.700,0.585,-0.002,2.438,2.507
1.733,0.607,0.030,2.352,2.430
1.767,0.619,0.033,2.367,2.446
1.800,0.629,0.041,2.373,2.455
1.833,0.638,0.051,2.360,2.445
1.867,0.641,0.049,2.367,2.453
1.900,0.640,0.039,2.390,2.475
1.933,0.636,0.017,2.437,2.519
1.967,0.631,-0.005,2.485,2.564
2.000,0.625,-0.022,2.523,2.599
2.033,0.616,-0.043,2.569,2.642
2.067,0.605,-0.063,2.620,2.690
2.100,0.595,-0.080,2.665,2.732
2.133,0.584,-0.095,2.707,2.771
2.167,0.574,-0.109,2.745,2.807
2.200,0.563,-0.121,2.781,2.840
2.233,0.551,-0.130,2.805,2.861
2.267,0.540,-0.129,2.809,2.863
2.300,0.529,-0.128,2.812,2.864
2.333,0.521,-0.125,2.805,2.856
2.367,0.515,-0.120,2.800,2.850
2.400,0.507,-0.119,2.784,2.832
2.433,0.501,-0.112,2.769,2.816
2.467,0.496,-0.106,2.758,2.804
2.500,0.495,-0.099,2.746,2.792
2.533,0.494,-0.090,2.731,2.776
2.567,0.492,-0.082,2.716,2.761
2.600,0.494,-0.076,2.711,2.757
2.633,0.502,-0.074,2.721,2.768
2.667,0.511,-0.077,2.744,2.792
2.700,0.520,-0.080,2.764,2.813
2.733,0.529,-0.081,2.773,2.824
2.767,0.540,-0.077,2.782,2.835
2.800,0.549,-0.069,2.774,2.829
2.833,0.553,-0.071,2.776,2.832
2.867,0.556,-0.071,2.773,2.829
2.900,0.558,-0.072,2.771,2.827
2.933,0.558,-0.079,2.776,2.833
2.967,0.563,-0.083,2.788,2.846
3.000,0.564,-0.090,2.797,2.855
3.033,0.563,-0.098,2.822,2.879
3.067,0.559,-0.104,2.843,2.899
3.100,0.562,-0.113,2.931,2.986
3.133,0.573,-0.117,2.948,3.006
3.167,0.577,-0.100,2.928,2.986
3.200,0.593,-0.014,2.871,2.932
3.233,0.605,0.029,2.801,2.866
3.267,0.602,0.077,2.756,2.822
3.300,0.566,0.091,2.775,2.833
3.333,0.486,0.050,2.774,2.816
3.367,0.389,-0.033,2.765,2.793
3.400,0.339,-0.129,2.864,2.887
3.433,0.338,-0.206,2.980,3.006
3.467,0.378,-0.212,3.010,3.041
3.500,0.427,-0.176,2.929,2.966
3.533,0.460,-0.139,2.843,2.883
3.567,0.479,-0.090,2.808,2.850
3.600,0.408,-0.081,2.843,2.873
3.633,0.366,-0.114,2.886,2.912
3.667,0.371,-0.203,3.084,3.112
3.700,0.392,-0.279,3.202,3.238
3.733,0.437,-0.243,3.169,3.208
3.767,0.476,-0.148,2.996,3.038
3.800,0.494,-0.105,2.860,2.904
3.833,0.516,-0.106,2.842,2.890
3.867,0.524,-0.139,2.873,2.924
3.900,0.528,-0.240,3.063,3.117
3.933,0.524,-0.319,3.208,3.266
3.967,0.501,-0.364,3.263,3.321
4.000,0.481,-0.420,3.337,3.398
4.033,0.436,-0.449,3.270,3.330
4.067,0.390,-0.448,3.224,3.279
4.100,0.345,-0.438,3.175,3.224
4.133,0.328,-0.425,3.115,3.161
4.167,0.301,-0.389,2.983,3.023
4.200,0.310,-0.340,2.944,2.980
4.233,0.290,-0.343,2.963,2.997
4.267,0.296,-0.350,2.981,3.016
4.300,0.281,-0.337,2.924,2.957
4.333,0.298,-0.324,2.867,2.901
4.367,0.267,-0.297,2.847,2.875
4.400,0.259,-0.288,2.856,2.882
4.433,0.210,-0.287,2.865,2.887
4.467,0.180,-0.300,2.899,2.920
4.500,0.144,-0.306,2.947,2.966
4.533,0.142,-0.315,2.969,2.989
4.567,0.123,-0.309,2.986,3.004
4.600,0.130,-0.318,3.081,3.100
4.633,0.133,-0.319,3.137,3.156
4.667,0.142,-0.266,3.141,3.155
4.700,0.135,-0.250,3.149,3.162
4.733,0.137,-0.228,3.146,3.157
4.767,0.147,-0.229,3.112,3.124
4.800,0.149,-0.226,3.071,3.083
4.833,0.161,-0.240,3.056,3.070
4.867,0.184,-0.250,3.040,3.056
4.900,0.223,-0.276,3.064,3.085
4.933,0.273,-0.290,3.085,3.110
4.967,0.327,-0.313,3.123,3.156
5.000,0.394,-0.245,3.067,3.102
5.033,0.458,-0.176,2.889,2.930
5.067,0.530,-0.025,2.668,2.720
5.100,0.556,0.018,2.627,2.686
5.133,0.518,0.002,2.613,2.664
5.167,0.467,-0.023,2.529,2.572
5.200,0.456,-0.068,2.500,2.542
5.233,0.478,-0.079,2.540,2.585
5.267,0.509,-0.034,2.551,2.602
5.300,0.553,0.083,2.536,2.597
5.333,0.585,0.184,2.566,2.638
5.367,0.575,0.144,2.667,2.732
5.400,0.529,0.156,2.424,2.486
5.433,0.566,0.214,2.069,2.156
5.467,0.591,0.311,1.962,2.073
5.500,0.592,0.407,2.104,2.223
5.533,0.476,0.295,2.149,2.221
5.567,0.477,0.217,2.275,2.335
5.600,0.576,0.427,1.676,1.823
5.633,0.587,0.553,1.487,1.692
5.667,0.584,0.509,1.577,1.757
5.700,0.611,0.586,1.618,1.825
5.733,0.584,0.561,1.476,1.683
5.767,0.703,0.828,0.670,1.277
5.800,0.671,0.983,0.604,1.335
5.833,0.630,1.050,0.909,1.525
5.867,0.582,0.868,1.171,1.570
5.900,0.489,0.756,1.262,1.550
5.933,0.444,0.827,1.204,1.527
5.967,0.456,1.057,0.988,1.517
6.000,0.510,1.183,0.821,1.528
6.033,0.565,1.212,0.850,1.585
6.067,0.543,1.017,1.015,1.536
6.100,0.428,0.991,1.428,1.791
6.133,0.429,1.251,1.354,1.892
6.167,0.559,1.458,1.045,1.878
6.200,0.618,1.375,0.836,1.724
6.233,0.584,1.313,0.888,1.689
6.267,0.513,1.537,1.134,1.977
6.300,0.637,1.662,0.405,1.825
6.333,0.738,1.726,-0.090,1.879
6.367,0.734,1.573,-0.011,1.736
6.400,0.549,1.338,0.328,1.483
6.433,0.421,1.533,0.424,1.645
6.467,0.554,1.908,0.012,1.986
6.500,0.629,1.846,-0.235,1.964
6.533,0.645,1.766,-0.201,1.890
6.567,0.588,1.827,0.205,1.930
6.600,0.693,1.859,-0.254,2.000
6.633,0.711,1.843,-0.441,2.024
6.667,0.687,1.692,-0.198,1.837
6.700,0.705,1.606,-0.188,1.764
6.733,0.702,1.711,-0.256,1.868
6.767,0.712,1.702,0.109,1.849
6.800,0.627,1.275,0.774,1.618
6.833,0.543,0.893,1.345,1.703
6.867,0.470,0.577,1.881,2.023
6.900,0.395,0.297,2.263,2.317
6.933,0.334,0.067,2.577,2.600
6.967,0.315,-0.091,2.738,2.758
7.000,0.297,-0.220,2.869,2.893
7.033,0.307,-0.269,2.876,2.905
7.067,0.283,-0.333,2.923,2.956
7.100,0.299,-0.342,2.894,2.930
7.133,0.256,-0.400,2.981,3.018
7.167,0.263,-0.418,3.008,3.049
7.200,0.235,-0.449,3.091,3.132
7.233,0.215,-0.470,3.149,3.191
7.267,0.210,-0.378,3.325,3.353
7.300,0.196,-0.399,3.383,3.412
7.333,0.191,-0.372,3.502,3.526
7.367,0.195,-0.226,3.582,3.595
7.400,0.211,-0.052,3.664,3.671
7.433,0.241,0.069,3.634,3.643
7.467,0.282,0.196,3.580,3.597
7.500,0.327,0.283,3.511,3.538
7.533,0.368,0.336,3.429,3.465
7.567,0.392,0.398,3.339,3.385
7.600,0.409,0.458,3.248,3.305
7.633,0.414,0.530,3.183,3.253
7.667,0.412,0.584,3.130,3.211
7.700,0.406,0.654,3.101,3.196
7.733,0.318,0.505,2.984,3.043
7.767,0.333,0.551,3.014,3.082
7.800,0.248,0.432,2.876,2.919
7.833,0.261,0.428,2.949,2.991
7.867,0.248,0.326,2.923,2.951
7.900,0.246,0.223,3.022,3.040
7.933,0.312,0.184,2.871,2.894
7.967,0.372,0.134,2.804,2.831
8.000,0.460,0.242,2.540,2.593
8.033,0.525,0.298,2.360,2.436
8.067,0.576,0.318,2.234,2.329
8.100,0.622,0.381,2.115,2.237
8.133,0.661,0.414,1.997,2.144
8.167,0.693,0.476,1.904,2.081
8.200,0.696,0.443,1.913,2.083
8.233,0.720,0.457,1.901,2.084
8.267,0.704,0.380,1.897,2.059
8.300,0.713,0.364,1.964,2.121
8.333,0.654,0.344,1.911,2.049
8.367,0.654,0.305,2.021,2.146
8.400,0.591,0.288,1.968,2.075
8.433,0.594,0.253,2.072,2.170
8.467,0.565,0.225,2.006,2.096
8.500,0.577,0.212,2.101,2.189
8.533,0.558,0.169,2.090,2.170
8.567,0.568,0.166,2.164,2.243
8.600,0.550,0.133,2.148,2.222
8.633,0.536,0.107,2.162,2.230
8.667,0.461,0.076,2.206,2.255
8.700,0.378,0.004,2.351,2.381
8.733,0.331,0.129,2.584,2.609
8.767,0.374,0.208,2.603,2.638
8.800,0.426,0.276,2.544,2.594
8.833,0.475,0.359,2.516,2.585
8.867,0.511,0.370,2.482,2.561
8.900,0.524,0.325,2.510,2.584
8.933,0.532,0.287,2.416,2.491
8.967,0.406,0.175,2.477,2.517
9.000,0.369,0.063,2.693,2.719
9.033,0.369,0.153,2.865,2.893
9.067,0.410,0.231,2.872,2.910
9.100,0.469,0.327,2.673,2.734
9.133,0.514,0.363,2.552,2.629
9.167,0.534,0.340,2.504,2.582
9.200,0.547,0.309,2.518,2.595
9.233,0.563,0.281,2.495,2.573
9.267,0.572,0.243,2.500,2.576
9.300,0.587,0.259,2.412,2.496
9.333,0.591,0.248,2.372,2.457
9.367,0.588,0.252,2.413,2.497
9.400,0.589,0.287,2.431,2.518
9.433,0.588,0.267,2.383,2.469
9.467,0.608,0.326,2.205,2.310
9.500,0.607,0.320,2.176,2.281
9.533,0.613,0.356,2.150,2.264
9.567,0.608,0.332,2.164,2.272
9.600,0.614,0.380,2.170,2.287
9.633,0.606,0.335,2.258,2.361
9.667,0.603,0.339,2.309,2.410
9.700,0.597,0.305,2.400,2.492
9.733,0.597,0.303,2.390,2.482
9.767,0.591,0.276,2.405,2.492
9.800,0.592,0.269,2.395,2.482
9.833,0.590,0.262,2.369,2.456
9.867,0.595,0.257,2.393,2.479
9.900,0.595,0.247,2.379,2.465
9.933,0.607,0.265,2.383,2.474
9.967,0.607,0.262,2.416,2.505
10.000,0.610,0.253,2.472,2.558
10.033,0.601,0.234,2.575,2.654
10.067,0.605,0.245,2.627,2.707
10.100,0.593,0.214,2.717,2.789
10.133,0.599,0.225,2.702,2.776
10.167,0.590,0.200,2.787,2.856
10.200,0.597,0.213,2.747,2.819
10.233,0.603,0.236,2.722,2.798
10.267,0.609,0.239,2.693,2.771
10.300,0.603,0.222,2.708,2.783
10.333,0.615,0.269,2.675,2.758
10.367,0.612,0.266,2.691,2.773
10.400,0.615,0.270,2.627,2.712
10.433,0.616,0.289,2.639,2.725
10.467,0.613,0.292,2.552,2.640
10.500,0.612,0.297,2.540,2.630
10.533,0.609,0.300,2.412,2.506
10.567,0.605,0.315,2.263,2.364
10.600,0.606,0.357,2.135,2.248
10.633,0.602,0.375,2.032,2.152
10.667,0.610,0.460,1.956,2.100
10.700,0.607,0.485,1.913,2.065
10.733,0.618,0.542,1.909,2.079
10.767,0.622,0.566,1.941,2.116
10.800,0.629,0.589,1.958,2.139
10.833,0.638,0.604,1.966,2.153
10.867,0.643,0.596,1.984,2.169
10.900,0.658,0.622,1.990,2.186
10.933,0.662,0.609,2.008,2.200
10.967,0.656,0.580,2.173,2.342
11.000,0.663,0.579,2.178,2.349
11.033,0.651,0.534,2.333,2.480
11.067,0.653,0.518,2.332,2.477
11.100,0.643,0.491,2.449,2.579
11.133,0.626,0.439,2.592,2.703
11.167,0.605,0.382,2.744,2.836
11.200,0.586,0.305,2.848,2.923
11.233,0.569,0.194,2.906,2.967
11.267,0.552,0.091,3.022,3.074
11.300,0.536,0.001,3.100,3.146
11.333,0.514,-0.115,3.177,3.220
11.367,0.493,-0.216,3.184,3.229
11.400,0.475,-0.314,2.917,2.972
11.433,0.459,-0.393,2.688,2.755
11.467,0.447,-0.454,2.474,2.555
11.500,0.438,-0.505,2.287,2.383
11.533,0.431,-0.543,2.133,2.243
11.567,0.426,-0.570,2.009,2.131
11.600,0.423,-0.588,1.899,2.033
11.633,0.419,-0.592,1.806,1.946
11.667,0.422,-0.593,1.714,1.862
11.700,0.423,-0.584,1.665,1.815
11.733,0.424,-0.573,1.631,1.780
11.767,0.426,-0.563,1.597,1.746
11.800,0.430,-0.554,1.563,1.713
11.833,0.434,-0.544,1.539,1.689
11.867,0.439,-0.534,1.518,1.668
11.900,0.442,-0.524,1.506,1.654
11.933,0.445,-0.511,1.497,1.643
11.967,0.448,-0.499,1.495,1.639
12.000,0.451,-0.487,1.499,1.640
12.033,0.453,-0.475,1.505,1.642
12.067,0.456,-0.464,1.514,1.648
12.100,0.458,-0.454,1.524,1.655
12.133,0.460,-0.445,1.535,1.664
12.167,0.461,-0.438,1.550,1.675
12.200,0.462,-0.432,1.559,1.683
12.233,0.462,-0.428,1.571,1.693
12.267,0.463,-0.424,1.578,1.698
12.300,0.462,-0.422,1.584,1.703
12.333,0.462,-0.418,1.599,1.716
12.367,0.461,-0.416,1.600,1.716
12.400,0.459,-0.413,1.627,1.740
12.433,0.458,-0.413,1.627,1.740
12.467,0.456,-0.411,1.656,1.766
12.500,0.457,-0.411,1.655,1.765
12.533,0.455,-0.411,1.675,1.783
12.567,0.457,-0.411,1.670,1.780
12.600,0.456,-0.413,1.677,1.786
12.633,0.456,-0.412,1.679,1.788
12.667,0.415,-0.388,1.724,1.815
12.700,0.401,0.121,1.641,1.694
12.733,0.425,0.679,1.783,1.955
12.767,0.371,1.094,1.895,2.220
12.800,0.406,1.284,1.532,2.040
12.833,0.458,1.501,0.925,1.821
12.867,0.542,1.542,0.487,1.705
12.900,0.583,1.451,0.271,1.587
12.933,0.492,1.283,0.400,1.431
12.967,0.445,1.306,0.308,1.414
13.000,0.561,1.457,-0.059,1.563
13.033,0.651,1.590,-0.423,1.770
13.067,0.656,1.692,-0.528,1.890
13.100,0.580,1.593,-0.351,1.732
13.133,0.536,1.434,-0.243,1.551
13.167,0.510,1.283,-0.225,1.399
13.200,0.626,1.414,-0.230,1.563
13.233,0.721,1.576,-0.442,1.789
13.267,0.779,1.688,-0.665,1.974
13.300,0.781,1.604,-0.617,1.888
13.333,0.731,1.461,-0.351,1.671
13.367,0.659,1.200,0.050,1.370
13.400,0.657,1.075,0.167,1.271
13.433,0.675,0.962,0.159,1.186
13.467,0.740,0.986,-0.120,1.239
13.500,0.807,1.029,-0.433,1.378
13.533,0.867,1.378,-0.297,1.655
13.567,0.812,1.671,-0.008,1.858
13.600,0.715,1.769,0.205,1.919
13.633,0.589,1.661,0.532,1.841
13.667,0.450,1.417,0.943,1.761
13.700,0.364,1.087,1.217,1.672
13.733,0.348,0.782,1.519,1.744
13.767,0.399,0.691,1.553,1.745
13.800,0.459,0.668,1.441,1.653
13.833,0.547,0.749,1.088,1.429
13.867,0.693,1.011,0.364,1.279
13.900,0.819,1.249,-0.319,1.527
13.933,0.902,1.384,-0.784,1.829
13.967,0.886,1.263,-0.620,1.663
14.000,0.837,1.084,-0.246,1.391
14.033,0.771,0.894,0.223,1.201
14.067,0.717,0.735,0.675,1.229
14.100,0.672,0.606,1.076,1.406
14.133,0.633,0.501,1.416,1.630
14.167,0.601,0.406,1.698,1.847
14.200,0.581,0.316,1.926,2.037
14.233,0.580,0.257,2.010,2.108
14.267,0.584,0.218,2.072,2.163
14.300,0.596,0.215,2.076,2.170
14.333,0.638,0.307,2.083,2.199
14.367,0.679,0.424,1.973,2.129
14.400,0.707,0.520,1.847,2.045
14.433,0.713,0.673,1.671,1.937
14.467,0.699,0.777,1.538,1.859
14.500,0.681,0.880,1.375,1.769
14.533,0.645,0.924,1.275,1.701
14.567,0.596,0.900,1.263,1.662
14.600,0.535,0.818,1.338,1.657
14.633,0.474,0.708,1.483,1.710
14.667,0.434,0.615,1.641,1.805
14.700,0.414,0.538,1.804,1.928
14.733,0.430,0.473,1.973,2.074
14.767,0.458,0.432,2.125,2.216
14.800,0.483,0.392,2.248,2.332
14.833,0.504,0.349,2.352,2.431
14.867,0.524,0.317,2.433,2.509
14.900,0.548,0.314,2.478,2.557
14.933,0.572,0.291,2.423,2.507
14.967,0.599,0.284,2.276,2.371
15.000,0.638,0.324,2.019,2.142
15.033,0.687,0.404,1.675,1.855
15.067,0.734,0.492,1.324,1.592
15.100,0.771,0.559,1.030,1.403
15.133,0.783,0.558,0.925,1.334
15.167,0.780,0.544,0.953,1.347
15.200,0.773,0.545,1.063,1.423
15.233,0.760,0.538,1.213,1.530
15.267,0.741,0.507,1.392,1.656
15.300,0.722,0.483,1.573,1.797
15.333,0.702,0.457,1.756,1.945
