frame,X,Y,Z
0,0,0,0
1,-0.0222619,-0.00440476,0.0952381
2,-0.0896747,-0.0177431,0.383635
3,-0.194358,-0.0384559,0.831479
4,-0.272779,-0.0539723,1.16697
5,-0.303685,-0.0600873,1.29919
6,-0.304589,-0.0602663,1.30305
7,-0.292685,-0.0579108,1.25213
8,-0.277838,-0.0549732,1.18861
9,-0.26478,-0.0523896,1.13275
10,-0.255165,-0.0504872,1.09161
11,-0.248989,-0.0492651,1.06519
12,-0.265354,-0.0791616,1.03603
13,-0.274495,-0.0928759,1.02707
14,-0.276545,-0.0969972,1.02024
15,-0.276333,-0.0959013,1.02395
16,-0.27504,-0.0922705,1.02784
17,-0.273789,-0.0894541,1.03582
18,-0.272642,-0.0862522,1.04033
19,-0.270753,-0.0832779,1.04246
20,-0.269692,-0.0807431,1.04314
21,-0.269429,-0.0790173,1.04794
22,-0.26836,-0.0774406,1.04989
23,-0.267929,-0.0759817,1.05025
24,-0.265802,-0.073577,1.04986
25,-0.264911,-0.0727815,1.04924
26,-0.264725,-0.0728282,1.04864
27,-0.266121,-0.0735708,1.05309
28,-0.266978,-0.0741961,1.05514
29,-0.267431,-0.0736113,1.05574
30,-0.267621,-0.0733977,1.05562
31,-0.266629,-0.0723523,1.05521
32,-0.265071,-0.0709003,1.05477
33,-0.262095,-0.0689786,1.04949
34,-0.262029,-0.0685811,1.05179
35,-0.260043,-0.0673163,1.04828
36,-0.259509,-0.06623,1.05158
37,-0.258341,-0.0646286,1.04853
38,-0.259258,-0.0654665,1.05197
39,-0.25997,-0.0661731,1.05382
40,-0.260448,-0.0666791,1.05461
41,-0.259514,-0.0656573,1.04988
42,-0.259073,-0.065189,1.04742
43,-0.260147,-0.0653576,1.05134
44,-0.260742,-0.0655336,1.05352
45,-0.261013,-0.0656766,1.05451
46,-0.262323,-0.0650488,1.05978
47,-0.261854,-0.0647615,1.0621
48,-0.259242,-0.0633401,1.05772
49,-0.257926,-0.0627185,1.05509
50,-0.25846,-0.0625621,1.05373
51,-0.257871,-0.062634,1.05319
52,-0.25891,-0.0620475,1.05808
53,-0.259522,-0.0618498,1.06059
54,-0.259829,-0.0618566,1.06158
55,-0.257694,-0.061656,1.05674
56,-0.256627,-0.0616249,1.05412
57,-0.257442,-0.0609254,1.05794
58,-0.256778,-0.0603522,1.05505
59,-0.255487,-0.060161,1.05359
60,-0.253928,-0.0581059,1.05304
61,-0.255575,-0.0574834,1.05796
62,-0.256584,-0.0573912,1.0605
63,-0.257118,-0.0575417,1.06152
64,-0.256135,-0.0574901,1.05671
65,-0.254572,-0.0575656,1.05411
66,-0.253846,-0.0576794,1.05296
67,-0.252592,-0.0567536,1.05267
68,-0.252132,-0.0563411,1.0528
69,-0.252103,-0.0551977,1.05308
70,-0.252262,-0.0547423,1.05336
71,-0.252622,-0.0538936,1.05857
72,-0.250659,-0.0523395,1.05613
73,-0.249757,-0.0517568,1.05464
74,-0.249488,-0.0517036,1.05386
75,-0.249541,-0.0518847,1.05354
76,-0.249719,-0.0521275,1.05347
77,-0.249914,-0.0523464,1.05353
78,-0.251256,-0.0517206,1.05861
79,-0.249722,-0.0512071,1.05611
80,-0.248923,-0.0510254,1.0546
81,-0.246411,-0.0497554,1.0489
82,-0.245306,-0.0492209,1.04623
83,-0.245021,-0.0491066,1.04539
84,-0.244115,-0.0481669,1.0455
85,-0.242755,-0.0486244,1.04112
86,-0.244482,-0.0492213,1.04419
87,-0.244535,-0.0495842,1.04619
88,-0.245655,-0.0497737,1.04733
89,-0.246237,-0.0498513,1.04787
90,-0.246473,-0.0498656,1.04804
91,-0.246515,-0.0498504,1.04803
92,-0.246466,-0.0498258,1.04794
93,-0.245362,-0.0498023,1.04784
94,-0.245824,-0.0497841,1.04775
95,-0.242913,-0.0495411,1.04283
96,-0.239394,-0.0481815,1.03566
97,-0.239023,-0.0487885,1.03736
98,-0.240257,-0.049184,1.03891
99,-0.241163,-0.0494091,1.04008
100,-0.241743,-0.049516,1.04085
101,-0.243197,-0.0487558,1.04615
102,-0.243887,-0.0483728,1.04869
103,-0.24514,-0.0482276,1.04954
104,-0.246764,-0.049472,1.05442
105,-0.247363,-0.0501177,1.05637
106,-0.24844,-0.0503783,1.05668
107,-0.249904,-0.0496207,1.06122
108,-0.250368,-0.049181,1.06293
109,-0.252543,-0.0502433,1.06813
110,-0.253349,-0.0507784,1.07003
111,-0.253412,-0.0509812,1.07014
112,-0.254352,-0.0512442,1.07457
113,-0.253378,-0.051058,1.07105
114,-0.251494,-0.0506599,1.06363
115,-0.249453,-0.0504306,1.05981
116,-0.248531,-0.0503197,1.05828
117,-0.24607,-0.0500452,1.05307
118,-0.242913,-0.0486729,1.04612
119,-0.238458,-0.047602,1.03384
120,-0.233661,-0.0459804,1.02422
121,-0.232002,-0.0463732,1.02119
122,-0.232008,-0.0467914,1.02156
123,-0.231643,-0.0459153,1.01861
124,-0.234068,-0.0467917,1.02301
125,-0.236645,-0.048336,1.02614
126,-0.236928,-0.0478761,1.02341
127,-0.235984,-0.0475691,1.02223
128,-0.235455,-0.0473895,1.02194
129,-0.234208,-0.0473006,1.02209
130,-0.233654,-0.0472683,1.02239
131,-0.230406,-0.0468402,1.01348
132,-0.230019,-0.0468594,1.01389
133,-0.229106,-0.0466952,1.0102
134,-0.229919,-0.0466437,1.0089
135,-0.23161,-0.0478585,1.01347
136,-0.23255,-0.0484666,1.01619
137,-0.232981,-0.0486938,1.01758
138,-0.232061,-0.0475053,1.01353
139,-0.230542,-0.0468553,1.01141
140,-0.229813,-0.046566,1.01053
141,-0.228538,-0.0462787,1.00583
142,-0.229084,-0.0464154,1.00835
143,-0.228535,-0.0455576,1.01006
144,-0.229359,-0.0451874,1.01108
145,-0.229862,-0.045099,1.01159
146,-0.231168,-0.0463501,1.01637
147,-0.231776,-0.0470221,1.01858
148,-0.232961,-0.0473118,1.01926
149,-0.233411,-0.0473806,1.01916
150,-0.23552,-0.0475565,1.02337
151,-0.236375,-0.0475833,1.02513
152,-0.236525,-0.0475416,1.02548
153,-0.237425,-0.0487046,1.02986
154,-0.238752,-0.0484444,1.03633
155,-0.239181,-0.0482192,1.03884
156,-0.239144,-0.047041,1.03917
157,-0.239932,-0.047465,1.03852
158,-0.240157,-0.0477296,1.03758
159,-0.240099,-0.0468586,1.03671
160,-0.238919,-0.0464356,1.03606
161,-0.240381,-0.0475245,1.04042
162,-0.238966,-0.0468796,1.03767
163,-0.240318,-0.0477836,1.04082
164,-0.241091,-0.0474421,1.04713
165,-0.242414,-0.0472366,1.04989
166,-0.242941,-0.0471306,1.05059
167,-0.245193,-0.0473096,1.05519
168,-0.248174,-0.048441,1.05686
169,-0.254979,-0.0496789,1.07206
170,-0.261169,-0.0525455,1.08386
171,-0.268027,-0.0564275,1.09851
172,-0.273771,-0.0582569,1.10894
173,-0.277729,-0.0610882,1.11693
174,-0.278341,-0.0619557,1.11824
175,-0.275003,-0.060448,1.11105
176,-0.271388,-0.0592578,1.10574
177,-0.266817,-0.0570943,1.09697
178,-0.264534,-0.0559619,1.09249
179,-0.26134,-0.0541621,1.08545
180,-0.259084,-0.0523714,1.08268
181,-0.257219,-0.0525404,1.07706
182,-0.256827,-0.052909,1.07524
183,-0.255899,-0.0530281,1.07024
184,-0.254798,-0.0532078,1.06873
185,-0.253409,-0.0531214,1.06391
186,-0.252036,-0.0531285,1.06245
187,-0.250528,-0.0518834,1.05766
188,-0.249116,-0.0502794,1.05617
189,-0.246593,-0.0493832,1.0514
190,-0.243568,-0.0478846,1.04499
191,-0.24371,-0.0475964,1.04774
192,-0.241008,-0.0462382,1.04039
193,-0.241227,-0.0460123,1.04236
194,-0.243977,-0.0474026,1.04918
195,-0.244474,-0.047011,1.04812
196,-0.245917,-0.0481262,1.05248
197,-0.246614,-0.0487233,1.05461
198,-0.245704,-0.0477258,1.05045
199,-0.244125,-0.0471852,1.04811
200,-0.243345,-0.0469485,1.04702
201,-0.240914,-0.0466699,1.04183
202,-0.23987,-0.0465923,1.03955
203,-0.239627,-0.0466153,1.03898
204,-0.239771,-0.0466761,1.03924
205,-0.244373,-0.0482122,1.04957
206,-0.248785,-0.0510336,1.05481
207,-0.2529,-0.0525369,1.06181
208,-0.256652,-0.0542867,1.06948
209,-0.257827,-0.054829,1.07213
210,-0.259941,-0.0550054,1.07723
211,-0.260166,-0.0555931,1.07345
212,-0.259679,-0.0556507,1.07046
213,-0.261466,-0.0559985,1.07867
214,-0.260775,-0.055745,1.0772
215,-0.26115,-0.0565361,1.07576
216,-0.265767,-0.0584389,1.08499
217,-0.267799,-0.0592327,1.08918
218,-0.270688,-0.0607503,1.09567
219,-0.271599,-0.061262,1.09789
220,-0.269124,-0.0598893,1.09257
221,-0.266409,-0.0579392,1.08907
222,-0.266,-0.0579953,1.08704
223,-0.266088,-0.0583853,1.09135
224,-0.263849,-0.057278,1.08825
225,-0.261557,-0.0575448,1.08135
226,-0.260648,-0.0577584,1.07811
227,-0.26284,-0.0581864,1.0823
228,-0.26184,-0.0581291,1.07969
229,-0.262476,-0.058086,1.07861
230,-0.262891,-0.0591152,1.07838
231,-0.26207,-0.0596051,1.07857
232,-0.263791,-0.0618819,1.07889
233,-0.262356,-0.0604856,1.07405
234,-0.260542,-0.0595964,1.07182
235,-0.259715,-0.0591038,1.07116
236,-0.255105,-0.0575547,1.0662
237,-0.254115,-0.0568557,1.0642
238,-0.25846,-0.059035,1.06896
239,-0.260936,-0.0591766,1.07183
240,-0.261062,-0.0581541,1.07332
241,-0.263256,-0.0589607,1.07908
242,-0.262911,-0.0591047,1.07648
243,-0.259161,-0.057824,1.06961
244,-0.259484,-0.0574568,1.07121
245,-0.256452,-0.0570745,1.06719
246,-0.256124,-0.0569663,1.06538
247,-0.258515,-0.05727,1.06998
248,-0.257598,-0.057209,1.06748
249,-0.259437,-0.0574827,1.07135
250,-0.258099,-0.0573654,1.06827
251,-0.259657,-0.0575832,1.07173
252,-0.258155,-0.0574217,1.06839
253,-0.257352,-0.0573354,1.06663
254,-0.255965,-0.0572986,1.06589
255,-0.255387,-0.0572902,1.06574
256,-0.254061,-0.0559865,1.06083
257,-0.253583,-0.05537,1.05864
258,-0.253561,-0.05517,1.05804
259,-0.253736,-0.0551868,1.05824
260,-0.253958,-0.0552917,1.05874
261,-0.255363,-0.0567211,1.06429
262,-0.257131,-0.0574499,1.06712
263,-0.258963,-0.0587781,1.06822
264,-0.258631,-0.0582709,1.06837
265,-0.257179,-0.0578643,1.06808
266,-0.254078,-0.0552363,1.06263
267,-0.252575,-0.053943,1.05984
268,-0.249836,-0.0521912,1.05377
269,-0.248776,-0.0515556,1.05124
270,-0.247609,-0.0515214,1.05071
271,-0.246238,-0.0504762,1.04623
272,-0.245918,-0.0501575,1.04462
273,-0.245083,-0.0502107,1.04456
274,-0.242796,-0.0491532,1.04031
275,-0.238812,-0.0475297,1.03394
276,-0.23515,-0.0466978,1.02679
277,-0.23285,-0.0453136,1.01959
278,-0.231391,-0.0448802,1.0173
279,-0.230323,-0.0449369,1.01756
280,-0.231382,-0.0451887,1.01884
281,-0.231378,-0.0454712,1.02029
282,-0.230613,-0.0454999,1.01687
283,-0.230461,-0.0455697,1.01553
284,-0.231653,-0.0458509,1.01997
285,-0.231335,-0.0467976,1.01788
286,-0.232278,-0.0464614,1.02153
287,-0.233783,-0.0462343,1.02342
288,-0.234477,-0.0461,1.02418
289,-0.235759,-0.0472513,1.029
290,-0.237242,-0.0478092,1.03109
291,-0.235681,-0.046783,1.0269
292,-0.235764,-0.0474178,1.02907
293,-0.236817,-0.046929,1.03477
294,-0.236178,-0.0474473,1.03253
295,-0.237855,-0.0469033,1.03566
296,-0.238617,-0.046609,1.0369
297,-0.237745,-0.0472752,1.03235
298,-0.237167,-0.0476234,1.02979
299,-0.237924,-0.0469714,1.03334
300,-0.236255,-0.0456037,1.03524
301,-0.23743,-0.0459771,1.03605
302,-0.238067,-0.0462601,1.03624
303,-0.237332,-0.0464469,1.03612
304,-0.237931,-0.0465548,1.03591
305,-0.236124,-0.0463937,1.03094
306,-0.23522,-0.0473177,1.0285
307,-0.236983,-0.0469715,1.03237
308,-0.236869,-0.0475412,1.02985
309,-0.236791,-0.0477942,1.02867
310,-0.236745,-0.0478615,1.02829
311,-0.236721,-0.0478366,1.02832
312,-0.234631,-0.0455568,1.02383
313,-0.234707,-0.0456461,1.02651
314,-0.234889,-0.0458213,1.0282
315,-0.235079,-0.0459968,1.02913
316,-0.235233,-0.0461363,1.02954
317,-0.23534,-0.0462321,1.02965
318,-0.235405,-0.0462896,1.02962
319,-0.234367,-0.0451061,1.02483
320,-0.234941,-0.0457505,1.02718
321,-0.234212,-0.0449252,1.02391
322,-0.233876,-0.0445447,1.02239
323,-0.232772,-0.0444299,1.02193
324,-0.231255,-0.044248,1.01737
325,-0.230655,-0.0442249,1.01544
326,-0.231618,-0.0444761,1.01965
327,-0.232265,-0.044642,1.02217
328,-0.233648,-0.0447377,1.02345
329,-0.235391,-0.0459974,1.02864
330,-0.236136,-0.0465942,1.03096
331,-0.237315,-0.0467888,1.03158
332,-0.238782,-0.0469872,1.0361
333,-0.240279,-0.046989,1.03785
334,-0.240732,-0.0469074,1.03806
335,-0.240652,-0.0468074,1.03758
336,-0.240364,-0.0467202,1.03691
337,-0.241156,-0.0478923,1.04109
338,-0.241423,-0.0484429,1.04293
339,-0.241414,-0.0486183,1.04339
340,-0.24129,-0.0485993,1.04318
341,-0.241142,-0.0485022,1.04273
342,-0.241016,-0.0483921,1.04227
343,-0.240924,-0.0472792,1.0419
344,-0.241989,-0.046943,1.04651
345,-0.241371,-0.0476436,1.04382
346,-0.240999,-0.0480464,1.04219
347,-0.240807,-0.0482408,1.04135
348,-0.24073,-0.0472874,1.04101
349,-0.240718,-0.0478182,1.04095
350,-0.241756,-0.0481135,1.04102
351,-0.24227,-0.0482488,1.04113
352,-0.242459,-0.0482888,1.04124
353,-0.2436,-0.047479,1.04618
354,-0.242946,-0.0478697,1.0437
355,-0.242503,-0.0480953,1.04219
356,-0.242239,-0.048205,1.04139
357,-0.242106,-0.0482432,1.04106
358,-0.242054,-0.0482433,1.041
359,-0.242048,-0.0482275,1.04106
360,-0.242166,-0.0474067,1.04601
361,-0.242235,-0.0470062,1.04843
362,-0.242167,-0.0476668,1.04443
363,-0.24213,-0.0480479,1.04212
364,-0.242115,-0.0482329,1.04101
365,-0.243241,-0.0474957,1.04548
366,-0.242654,-0.0479136,1.04295
367,-0.242299,-0.0481417,1.04156
368,-0.242115,-0.0482429,1.04095
369,-0.24204,-0.0482697,1.04079
370,-0.243156,-0.0484843,1.04571
371,-0.242583,-0.0483436,1.04332
372,-0.242352,-0.0474463,1.04678
373,-0.242132,-0.0478069,1.04355
374,-0.242039,-0.0480327,1.04175
375,-0.242019,-0.0481552,1.04093
376,-0.242033,-0.0482091,1.04068
377,-0.242059,-0.0482229,1.04073
378,-0.242085,-0.048217,1.04089
379,-0.242105,-0.0482039,1.04107
380,-0.242222,-0.0473892,1.04607
381,-0.241156,-0.0467763,1.04364
382,-0.239619,-0.0465357,1.04216
383,-0.237848,-0.0452717,1.03659
384,-0.236142,-0.0437291,1.03397
385,-0.23666,-0.0443579,1.03794
386,-0.23822,-0.0448705,1.04032
387,-0.239147,-0.0452288,1.04156
388,-0.239616,-0.0454485,1.04205
389,-0.239795,-0.0455645,1.04213
390,-0.238712,-0.0454029,1.03722
391,-0.239237,-0.0465424,1.03955
392,-0.239518,-0.0470891,1.04092
393,-0.238534,-0.0460436,1.0368
394,-0.240158,-0.0466785,1.03955
395,-0.23996,-0.0469844,1.0411
396,-0.239788,-0.0460688,1.04181
397,-0.238558,-0.0453684,1.03724
398,-0.237948,-0.0450577,1.03491
399,-0.23883,-0.0462052,1.0388
400,-0.239345,-0.0468245,1.04098
401,-0.2396,-0.0470939,1.04199
402,-0.239692,-0.0471603,1.0423
403,-0.239697,-0.0471274,1.04225
404,-0.239664,-0.0470595,1.04206
405,-0.238518,-0.0457606,1.03705
406,-0.239056,-0.0463468,1.03937
407,-0.238276,-0.0454704,1.03597
408,-0.2369,-0.0450644,1.0344
409,-0.237318,-0.0449403,1.03392
410,-0.237659,-0.0449607,1.034
411,-0.237897,-0.0450377,1.0343
412,-0.239146,-0.0463529,1.03943
413,-0.239752,-0.0470126,1.042
414,-0.239961,-0.0472604,1.04297
415,-0.23996,-0.0472835,1.04306
416,-0.23987,-0.0472071,1.04276
417,-0.239762,-0.0471043,1.04236
418,-0.239668,-0.0470116,1.042
419,-0.239599,-0.0469422,1.04173
420,-0.238451,-0.0456668,1.03675
421,-0.239003,-0.0462822,1.03915
422,-0.240363,-0.0466613,1.04063
423,-0.241032,-0.0468628,1.04142
424,-0.241273,-0.0469481,1.04175
425,-0.241283,-0.0469668,1.04182
426,-0.241194,-0.0469535,1.04177
427,-0.241081,-0.0469295,1.04168
428,-0.240982,-0.0469059,1.04158
429,-0.240908,-0.0468873,1.04151
430,-0.240861,-0.0468747,1.04146
431,-0.240834,-0.0468671,1.04143
432,-0.238698,-0.0456333,1.03662
433,-0.237677,-0.0450431,1.03431
434,-0.239461,-0.0460757,1.03834
435,-0.240495,-0.0466732,1.04068
436,-0.240999,-0.0469644,1.04181
437,-0.241177,-0.0470666,1.04221
438,-0.24118,-0.0470681,1.04222
439,-0.241109,-0.0470268,1.04206
440,-0.241022,-0.0469759,1.04186
441,-0.240945,-0.0469314,1.04168
442,-0.240889,-0.0468988,1.04156
443,-0.240853,-0.0468779,1.04147
444,-0.238708,-0.0456362,1.03663
445,-0.237683,-0.0450421,1.03431
446,-0.239463,-0.0460732,1.03833
447,-0.240495,-0.0466706,1.04067
448,-0.240998,-0.0469623,1.0418
449,-0.241176,-0.0470652,1.04221
450,-0.24118,-0.0470672,1.04221
451,-0.241109,-0.0470263,1.04205
452,-0.241021,-0.0469757,1.04186
453,-0.240945,-0.0469314,1.04168
454,-0.242012,-0.0471174,1.04641
455,-0.24139,-0.0469825,1.0438
456,-0.241013,-0.0469013,1.04221
457,-0.240815,-0.0468593,1.04137
458,-0.240735,-0.0468426,1.04103
459,-0.24072,-0.0468399,1.04097
460,-0.240736,-0.0468437,1.04103
461,-0.240762,-0.0468494,1.04114
